start,start/step,0,timestamp,1714718657.885233
start,start/step,0,timestamp,1714718707.057131
start,start/step,0,timestamp,1714718735.155137
start,start/step,0,timestamp,1714718890.571977
start,start/step,0,timestamp,1714718916.300566
start,start/step,0,timestamp,1714719013.193675
start,start/step,0,timestamp,1714719127.54721
start,start/step,0,timestamp,1714720372.677579
start,start/step,0,timestamp,1714720569.5692463
start,start/step,0,timestamp,1714720659.4146738
start,start/step,0,timestamp,1714724874.1317935
start,start/step,0,timestamp,1714726124.19762
start,start/step,0,timestamp,1714727733.628013
start,start/step,0,timestamp,1714728280.252477
start,start/step,0,timestamp,1714728871.8467271
start,start/step,0,timestamp,1714737467.5921798
start,start/step,0,timestamp,1714737563.514885
start,start/step,0,timestamp,1714737880.336642
